year,country,state,state_name,city,download_min,upload_min,download_avg,upload_avg,download_max,upload_max,download_minRTT_r1,download_minRTT_r2,upload_minRTT_r1,upload_minRTT_r2,num_of_measurements_daily_sampled
2024,IN,IN-ML,Meghalaya,Bājengdoba,43.177083333333336,6.6345,78.63024999999999,10.453916666666666,118.41091666666667,16.038583333333335,74.536750000000012,73.881083333333336,78.666333333333355,78.429916666666685,96
2024,IN,IN-ML,Meghalaya,Jowai,2.0319726027397258,0.95250684931506824,35.1917808219178,26.80123287671233,108.20983561643835,86.4118219178082,79.021849315068479,78.975479452054785,81.1204794520548,81.146698630137,584
2024,IN,IN-ML,Meghalaya,Laitumkhrah,16.08651020408163,9.9917551020408162,53.770938775510217,38.51004081632653,116.23397959183676,88.844061224489792,62.137918367346956,62.397204081632651,62.678979591836736,63.150571428571432,392
2024,IN,IN-ML,Meghalaya,Nongpoh,6.5581176470588236,2.1602352941176473,17.737352941176475,3.3398235294117651,35.273039215686275,5.1430980392156878,85.951647058823525,85.763764705882323,109.16543137254904,108.99431372549019,408
2024,IN,IN-ML,Meghalaya,Shillong,0.10267123287671234,0.019328767123287665,42.030534246575336,23.864178082191778,285.10850684931512,222.55931506849316,72.142602739726,72.246986301369859,72.413369863013671,72.353178082191761,584
2024,IN,IN-ML,Meghalaya,Sohiong,23.7064,6.1202,27.6922,6.1202,31.678,6.1202,113.01400000000001,113.01400000000001,108.73360000000001,108.73360000000001,40
2024,IN,IN-ML,Meghalaya,Tura,3.7608421052631593,2.3542894736842106,28.921078947368418,22.740657894736849,80.1401842105263,61.449947368421022,82.056263157894776,83.113210526315783,85.86468421052632,86.251289473684253,304
