GEOID,NAMELSAD,avg_d_mbps_wt,avg_u_mbps_wt,avg_lat_ms_wt,tests
09110,Capitol Planning Region,173.70447613347682,23.56340395790032,30.397934821469644,7166.0
09120,Greater Bridgeport Planning Region,203.52605984255155,28.850398685540085,34.08449779371134,1749.75
09130,Lower Connecticut River Valley Planning Region,177.85344117969535,26.157946517900612,32.71576299672534,902.0
09140,Naugatuck Valley Planning Region,139.6511705867816,18.515805568466522,34.17443576141643,2927.75
09150,Northeastern Connecticut Planning Region,153.40900851085235,24.713109442886235,34.131634176541965,695.75
09160,Northwest Hills Planning Region,139.57306698810697,20.293316770325006,32.62332427766888,552.75
09170,South Central Connecticut Planning Region,230.03401989474008,28.010398062922945,32.19042553455285,3401.5
09180,Southeastern Connecticut Planning Region,132.3244084608237,19.55843306762329,35.27334899596494,1969.75
09190,Western Connecticut Planning Region,153.13097976496627,25.857267717580132,36.31711490788231,3053.5
