GEOID,NAMELSAD,avg_d_mbps_wt,avg_u_mbps_wt,avg_lat_ms_wt,tests
09110,Capitol Planning Region,243.18906460563198,89.76355848830764,15.50759387649224,58859.75
09120,Greater Bridgeport Planning Region,264.6189378087141,118.48493046541998,15.050960889073702,24660.0
09130,Lower Connecticut River Valley Planning Region,229.54075177914538,44.25707888252627,19.65856793115512,10816.0
09140,Naugatuck Valley Planning Region,264.3783030868856,80.11308282134438,17.38106188882813,26931.75
09150,Northeastern Connecticut Planning Region,187.32072530601317,22.203419177309865,19.921634390989258,4042.75
09160,Northwest Hills Planning Region,228.28132326409695,47.284981644486315,18.211207088871404,8943.0
09170,South Central Connecticut Planning Region,253.4608523070141,83.62663241172488,17.441230432850233,28560.75
09180,Southeastern Connecticut Planning Region,230.18137210736103,42.192971737886225,18.579791833410084,15148.25
09190,Western Connecticut Planning Region,235.45437502554918,81.0790561849821,15.32879189953204,59011.0
