GEOID,NAMELSAD,avg_d_mbps_wt,avg_u_mbps_wt,avg_lat_ms_wt,tests
44001,Bristol County,53.777633102326895,13.446465025900304,36.50706121188049,147.25
44003,Kent County,69.12116759016651,15.586718429009148,35.58015156914096,752.5
44005,Newport County,56.47497457851112,12.982881936411136,41.56783975803791,424.0
44007,Providence County,491.83477913076007,39.08699463375155,28.506230764453317,5296.0
44009,Washington County,53.25510372806926,13.133147639830169,42.2817544272868,426.75
