year,geoid,state,state_name,county,download_min,upload_min,download_avg,upload_avg,download_max,upload_max,download_minRTT_r1,download_minRTT_r2,upload_minRTT_r1,upload_minRTT_r2,num_of_measurements_daily_sampled
2023,44001,44,Rhode Island,Bristol,3.2515722543352434,0.43179768786127204,184.72384104046225,28.012300578034733,728.745520231214,207.43242196531779,7.4606531791907642,7.4501820809248516,16.556020231213893,16.500872832369975,2768
2023,44003,44,Rhode Island,Kent,0.38877745664739888,0.044404624277456721,185.99550867052025,78.0570635838151,891.82087861271691,746.25383815029068,6.7654682080924919,6.753832369942204,15.847323699421935,15.822684971098246,2768
2023,44005,44,Rhode Island,Newport,0.599953757225433,0.090734104046242756,169.03449710982653,28.531656069364139,863.49474855491451,326.73721387283234,6.978057803468209,6.9877398843930685,17.432794797687805,17.451095375722478,2768
2023,44007,44,Rhode Island,Providence,0.075205202312138758,0.011849710982659013,156.41754913294795,59.566661849711039,979.30904624277446,899.427632947977,8.6771011560693552,8.6793612716762816,19.066390173410436,19.086121387283207,2768
2023,44009,44,Rhode Island,Washington,1.000202312138728,0.11648265895953726,194.80493930635876,93.688052023121386,848.4168323699414,683.25586994219759,4.5977283236994255,4.5827196531791854,14.538141618497098,14.544985549132949,2768
