GEOID,NAMELSAD,avg_d_mbps_wt,avg_u_mbps_wt,avg_lat_ms_wt,tests
44001,Bristol County,149.22255000258747,15.869512551862202,34.910659447301924,295.5
44003,Kent County,291.6987992901212,29.09102177416107,30.184550574525232,844.25
44005,Newport County,209.10137627790843,25.3972417860562,32.423449909926205,397.0
44007,Providence County,258.9253173322477,29.54191337011324,32.52452014548566,2700.25
44009,Washington County,162.74160941665423,26.703338670239336,34.635097755627,523.75
