GEOID,NAMELSAD,avg_d_mbps_wt,avg_u_mbps_wt,avg_lat_ms_wt,tests
44001,Bristol County,139.7220167274789,18.801859167783274,34.37595684738542,242.5
44003,Kent County,194.50157733690958,26.03831058406717,31.54180987835339,1044.5
44005,Newport County,164.2811498105915,21.95487226091572,35.987125146618006,470.25
44007,Providence County,372.3814266936916,41.67615722955731,31.857509252466897,4244.5
44009,Washington County,148.76078904476844,24.727350162227573,33.83491346506116,623.0
