GEOID,NAMELSAD,avg_d_mbps_wt,avg_u_mbps_wt,avg_lat_ms_wt,tests
11001,District of Columbia,229.16352534396134,89.89860051523122,12.288502126450513,29594.0
