GEOID,NAMELSAD,avg_d_mbps_wt,avg_u_mbps_wt,avg_lat_ms_wt,tests
44001,Bristol County,268.7418121586617,40.07157643451075,12.418495384091447,2109.25
44003,Kent County,266.23848436775444,119.7595706559942,11.024095394579591,4116.75
44005,Newport County,255.64054360931345,67.62062406717354,17.609733560036517,5802.0
44007,Providence County,277.10273441236427,117.57593025160972,10.332204538465072,14588.75
44009,Washington County,235.10078012464038,107.7586500472052,15.660497088478968,4561.0
