year,country,state,state_name,city,download_min,upload_min,download_avg,upload_avg,download_max,upload_max,download_minRTT_r1,download_minRTT_r2,upload_minRTT_r1,upload_minRTT_r2,num_of_measurements_daily_sampled
2020,IN,IN-LA,Ladakh,Diskit,0.56503846153846149,0.1700384615384615,1.8099615384615391,0.32899999999999996,4.191076923076924,0.51303846153846155,101.49396153846155,103.41388461538463,116.59523076923082,115.4994615384616,208
2020,IN,IN-LA,Ladakh,Kargil,14.771454545454541,5.3176818181818168,14.979863636363637,6.5001363636363649,15.188272727272729,7.6826818181818162,119.3711363636364,119.13949999999996,144.39740909090915,144.39740909090915,176
2020,IN,IN-LA,Ladakh,Leh,2.6712045454545441,0.66304545454545571,4.930590909090915,0.97959090909090962,8.3857954545454536,1.3952613636363644,75.096284090909151,74.9528068181818,91.767499999999956,91.836409090909086,704
