year,country,state,state_name,city,download_min,upload_min,download_avg,upload_avg,download_max,upload_max,download_minRTT_r1,download_minRTT_r2,upload_minRTT_r1,upload_minRTT_r2,num_of_measurements_daily_sampled
2024,IN,IN-NL,Nagaland,Chozuba,12.1495,2.362833333333334,12.272166666666667,2.3793333333333329,12.394833333333334,2.395833333333333,77.367833333333337,77.367833333333337,81.876833333333352,81.876833333333352,48
2024,IN,IN-NL,Nagaland,Chumukedima,5.8919999999999986,0.532,5.8919999999999986,0.532,5.8919999999999986,0.532,82.300000000000011,100.0105,85.4155,85.4155,16
2024,IN,IN-NL,Nagaland,Dimāpur,0.13543835616438357,0.022246575342465762,48.3104383561644,12.355260273972602,250.44494520547946,114.42279452054787,84.923150684931485,84.905383561643873,84.211397260274,84.261136986301366,584
2024,IN,IN-NL,Nagaland,Kohima,0.55760273972602736,0.098219178082191771,46.935835616438361,28.391849315068484,208.25612328767124,179.91861643835617,69.011465753424645,69.007397260273947,68.902712328767137,69.217013698630112,584
2024,IN,IN-NL,Nagaland,Mokokchūng,7.4600199999999957,1.7347599999999999,24.1875,11.324779999999997,62.19047999999998,32.78766,86.116599999999991,85.870860000000008,77.217819999999989,76.929259999999971,400
2024,IN,IN-NL,Nagaland,Wokha,11.512590909090907,4.9514772727272733,55.243295454545439,34.968681818181814,125.92952272727273,86.539954545454549,56.403613636363616,56.166318181818191,50.877522727272734,50.785863636363629,352
