year,geoid,state,state_name,county,download_min,upload_min,download_avg,upload_avg,download_max,upload_max,download_minRTT_r1,download_minRTT_r2,upload_minRTT_r1,upload_minRTT_r2,number_of_measurements
2021,10001,10,Delaware,Kent,0.42325205479452116,0.0495452054794521,176.78996164383526,41.38694520547952,879.04502739725933,600.24164931506857,14.3525178082192,14.36983287671233,16.805805479452015,16.811156164383554,2920
2021,10003,10,Delaware,New Castle,0.123356164383562,0.020936986301369892,165.07694246575409,69.237312328767032,935.55470136986276,832.38228767123326,12.934999999999997,12.948841095890396,14.643575342465752,14.651827397260297,2920
2021,10005,10,Delaware,Sussex,0.26176986301369859,0.030493150684931521,133.75518082191783,24.016860273972544,824.27293424657421,484.77567397260162,20.679082191780857,20.678942465753394,24.165939726027378,24.172789041095932,2920
