year,country,state,state_name,city,download_min,upload_min,download_avg,upload_avg,download_max,upload_max,download_minRTT_r1,download_minRTT_r2,upload_minRTT_r1,upload_minRTT_r2,num_of_measurements_daily_sampled
2020,IN,IN-NL,Nagaland,Akhegwo,11.004,0.645,11.004,0.645,11.004,0.645,70.034,70.034,76.097,76.097,8
2020,IN,IN-NL,Nagaland,Chizami,0.9155,0.18324999999999997,2.62225,0.59099999999999986,4.3292500000000018,0.963,75.96925,75.39325,79.649499999999975,79.253999999999991,32
2020,IN,IN-NL,Nagaland,Dimapur,0.61600281690140746,0.3585295774647892,10.595661971831005,6.3577126760563294,70.251988732394338,45.597138028169041,120.80394084507057,120.64479718309867,121.07197464788749,120.91407323943672,2840
2020,IN,IN-NL,Nagaland,Kohima,0.79303380281690139,0.29650704225352087,14.644577464788723,8.55617746478872,55.431842253521104,33.861126760563323,102.97664225352116,102.81696619718328,104.50918873239442,104.35614647887311,2840
2020,IN,IN-NL,Nagaland,Mokokchung,3.4567810218978119,3.2688576642335794,9.6889416058394122,7.0996605839416027,21.171489051094916,13.477343065693413,105.32962408759131,105.85122262773723,101.72074452554742,101.99949999999998,2192
2020,IN,IN-NL,Nagaland,Tuensang,1.137375,0.54362500000000014,1.2180000000000002,0.54362500000000014,1.2987499999999998,0.54362500000000014,213.23437500000003,213.23437500000003,132.83587499999993,132.83587499999993,64
2020,IN,IN-NL,Nagaland,Wokha,6.6515294117647059,3.5332352941176466,7.6019411764705875,3.8710588235294128,8.480235294117648,4.2090588235294133,95.297588235294128,95.297588235294128,88.852058823529475,88.852058823529475,136
