year,geoid,state,state_name,county,download_min,upload_min,download_avg,upload_avg,download_max,upload_max,download_minRTT_r1,download_minRTT_r2,upload_minRTT_r1,upload_minRTT_r2,number_of_measurements
2024,10001,10,Delaware,Kent,0.34347222222222218,0.055708333333333339,208.59066666666669,46.970166666666678,931.13354166666659,580.58377777777764,13.465888888888891,13.440999999999999,15.444416666666665,15.412666666666668,576
2024,10003,10,Delaware,New Castle,5.65342574257426,0.46574257425742571,173.05992079207925,69.2510792079208,875.59292079207921,766.69325742574256,13.127297029702969,13.126475247524755,15.317792079207921,15.331940594059407,808
2024,10005,10,Delaware,Sussex,0.49569444444444449,0.048013888888888884,176.64369444444446,38.952097222222221,870.9392361111112,553.56284722222222,18.323374999999995,18.363402777777775,21.265944444444447,21.256472222222222,576
