year,country,state,state_name,city,download_min,upload_min,download_avg,upload_avg,download_max,upload_max,download_minRTT_r1,download_minRTT_r2,upload_minRTT_r1,upload_minRTT_r2,num_of_measurements_daily_sampled
2024,IN,IN-LD,Lakshadweep,Kalpeni,14.282393939393938,9.13912121212121,36.457378787878774,23.503560606060606,67.977045454545447,44.057151515151517,49.807833333333328,48.666500000000006,55.314787878787868,54.704545454545446,528
2024,IN,IN-LD,Lakshadweep,Kavaratti,31.614125000000005,22.86375,36.7185625,24.349875,41.8230625,25.836000000000002,24.722874999999991,26.700812499999991,21.035687499999995,22.910187499999992,128
