GEOID,NAMELSAD,avg_d_mbps_wt,avg_u_mbps_wt,avg_lat_ms_wt,tests
11001,District of Columbia,128.1517742178111,57.015001138361285,13.345111070161046,30688.0
