year,country,state,state_name,city,download_min,upload_min,download_avg,upload_avg,download_max,upload_max,download_minRTT_r1,download_minRTT_r2,upload_minRTT_r1,upload_minRTT_r2,num_of_measurements_daily_sampled
2022,IN,IN-AN,Andaman and Nicobar Islands,Diglipur,4.0869999999999989,0.21018181818181814,6.0384090909090924,0.35318181818181804,8.0150909090909082,0.48818181818181816,56.217136363636335,66.710681818181783,76.896318181818131,78.066090909090917,176
2022,IN,IN-AN,Andaman and Nicobar Islands,Haddo,4.1966280487804895,2.9513231707317087,14.643756097560981,9.9104390243902536,33.983847560975661,23.422499999999978,84.0371890243903,84.15284146341466,80.301506097560932,80.461396341463427,1312
2022,IN,IN-AN,Andaman and Nicobar Islands,Port Blair,0.729119883040934,0.43729532163742624,27.687233918128712,22.435532163742717,191.55161111111096,147.68995321637453,54.208391812865457,54.2057485380117,59.762750733137793,59.701513196480953,2736
2022,IN,IN-AN,Andaman and Nicobar Islands,Rangat,6.8989626168224225,4.0597383177570272,33.964883177570059,27.508359813084144,86.0469719626166,65.036644859813066,51.433121495327086,51.385658878504614,55.972602803738283,55.953149532710334,1712
2022,IN,IN-AN,Andaman and Nicobar Islands,Shadipur,3.6880600000000059,2.7410300000000039,24.808980000000005,21.786079999999984,68.783410000000018,58.465799999999994,53.470450000000021,53.648069999999954,56.5820707070707,55.811767676767694,800
