year,geoid,state,state_name,county,download_min,upload_min,download_avg,upload_avg,download_max,upload_max,download_minRTT_r1,download_minRTT_r2,upload_minRTT_r1,upload_minRTT_r2,num_of_measurements_daily_sampled
2023,09001,09,Connecticut,Fairfield,0.0797543352601154,0.01779190751445088,190.25852601156058,71.989777456647317,1152.1784161849732,1087.1668352601157,3.8129855491329505,3.8136416184971162,13.843869942196527,13.846176300578049,2768
2023,09003,09,Connecticut,Hartford,0.0572658959537572,0.011872832369942202,163.04382658959491,60.802589595375736,1085.6629537572232,1022.9506849710957,8.92346531791908,8.9216618497109579,18.514861271676352,18.520260115606956,2768
2023,09005,09,Connecticut,Litchfield,0.45847109826589633,0.049595375722543307,180.87657803468224,37.452702312138811,869.90564161849636,714.31556936416177,5.7731242774566658,5.7761878612716684,18.63399999999999,18.647887283236972,2768
2023,09007,09,Connecticut,Middlesex,0.31592774566473947,0.04399710982658956,176.18901156069307,43.14993930635832,877.69410404624443,713.68845375722537,11.365540462427754,11.363413294797674,20.826439306358331,20.806971098265926,2768
2023,09009,09,Connecticut,New Haven,0.076216138328530289,0.013106628242074904,173.69345244956767,63.266976945244927,1206.6227982708942,1099.9641383285282,6.8965734870317075,6.9005504322766456,18.789682997118195,18.791507204610941,2776
2023,09011,09,Connecticut,New London,0.28483526011560689,0.041098265895953744,170.87168208092487,37.131381502890207,915.10281502890177,674.848306358382,12.914745664739883,12.904485549132945,21.219023121387323,21.212427745664762,2768
2023,09013,09,Connecticut,Tolland,0.40104335260115664,0.051343930635838142,171.04445953757246,38.44830924855497,876.97303179190646,633.73408381502941,11.591242774566471,11.598427745664734,21.121725433526,21.111112716763056,2768
2023,09015,09,Connecticut,Windham,0.96831791907514542,0.10123988439306431,166.52048843930675,55.910387283237007,815.33914161849691,598.7649508670512,13.539482658959512,13.530494219653189,22.425572254335254,22.408641618497118,2768
