year,geoid,state,state_name,county,download_min,upload_min,download_avg,upload_avg,download_max,upload_max,download_minRTT_r1,download_minRTT_r2,upload_minRTT_r1,upload_minRTT_r2,num_of_measurements_daily_sampled
2020,44001,44,Rhode Island,Bristol,0.81684699453551879,0.16683879781420768,118.90492349726807,15.545795081967174,593.07557377049159,114.16580054644801,19.121707650273205,19.096314207650252,19.964355191256807,19.96181420765032,2928
2020,44003,44,Rhode Island,Kent,0.55507103825136639,0.17907103825136611,131.02728688524533,76.259275956284228,746.39462021857844,621.69132513661157,15.070267759562833,15.105278688524566,15.34063114754097,15.326398907103826,2928
2020,44005,44,Rhode Island,Newport,0.28034972677595676,0.047994535519125713,99.3276284153007,12.334702185792327,628.2062103825134,107.39406010928958,19.951502732240446,19.964691256830651,20.84739890710382,20.841989071038231,2928
2020,44007,44,Rhode Island,Providence,0.090863387978141988,0.022117486338797846,111.55443989071038,56.582846994535608,852.10968032786866,729.83710109289586,17.460262295081943,17.481319672131107,17.538732240437174,17.541521857923517,2928
2020,44009,44,Rhode Island,Washington,0.26928961748633906,0.051989071038251462,123.02374316939878,70.172035519125785,692.10569398907069,591.04196994535607,15.928887978142084,15.930836065573764,16.498540983606528,16.502754098360644,2928
