GEOID,NAMELSAD,avg_d_mbps_wt,avg_u_mbps_wt,avg_lat_ms_wt,tests
15001,Hawaii County,214.6089522416169,65.11923354935168,24.590039746909735,15417.25
15003,Honolulu County,258.85638987108223,76.28356936049161,12.910761295055382,57569.25
15005,Kalawao County,475.98,29.3705,14.0,2.5
15007,Kauai County,230.6216815927639,66.59509212798207,16.924683665670102,6255.75
15009,Maui County,229.7989713307342,53.30353643096896,22.427881889563352,13896.5
