year,country,state,state_name,city,download_min,upload_min,download_avg,upload_avg,download_max,upload_max,download_minRTT_r1,download_minRTT_r2,upload_minRTT_r1,upload_minRTT_r2,num_of_measurements_daily_sampled
2023,IN,IN-LD,Lakshadweep,Amini,3.1503333333333337,1.8507777777777781,3.3278888888888885,1.8618888888888896,3.5054444444444437,1.872888888888889,70.287444444444461,70.287444444444461,73.467444444444453,73.467444444444453,72
2023,IN,IN-LD,Lakshadweep,Kalpeni,21.982040892193311,14.003847583643147,44.687840148698967,30.29409665427513,73.8543866171002,51.360535315985196,44.21477695167286,44.084230483271426,46.79348314606743,46.424831460674142,2152
2023,IN,IN-LD,Lakshadweep,Kavaratti,10.562566666666662,7.7501999999999995,14.76466666666666,10.098391666666675,21.303733333333341,13.535908333333341,138.14235833333348,135.529775,143.98905042016833,145.93553781512605,960
