GEOID,NAMELSAD,avg_d_mbps_wt,avg_u_mbps_wt,avg_lat_ms_wt,tests
15001,Hawaii County,102.6283209323459,18.59189578789918,19.89559137015354,13209.5
15003,Honolulu County,124.04785620923126,32.07231453645908,12.556365001281405,62408.5
15005,Kalawao County,173.51041666666666,11.576416666666665,16.416666666666668,3.6666666666666665
15007,Kauai County,94.38575124259572,13.339377148613512,18.354304816991384,6039.0
15009,Maui County,93.78455755435283,14.093427062585192,24.95942045451774,12216.0
