GEOID,NAMELSAD,avg_d_mbps_wt,avg_u_mbps_wt,avg_lat_ms_wt,tests
10001,Kent County,79.47778617790797,14.812258554962698,30.477066402806123,1622.75
10003,New Castle County,95.98256550659653,16.96514051024397,30.638411690565622,2912.75
10005,Sussex County,208.9217283223898,24.44040951411403,35.82937787822112,2375.75
