year,country,state,state_name,city,download_min,upload_min,download_avg,upload_avg,download_max,upload_max,download_minRTT_r1,download_minRTT_r2,upload_minRTT_r1,upload_minRTT_r2,num_of_measurements_daily_sampled
2020,IN,IN-AN,Andaman and Nicobar Islands,Ferrargunj,6.6444444444444448,2.0088888888888894,10.408999999999999,2.0331111111111109,14.200555555555555,2.0572222222222214,47.104666666666652,46.022999999999989,41.077222222222233,40.62811111111111,72
2020,IN,IN-AN,Andaman and Nicobar Islands,Port Blair,0.13335574229691874,0.062663865546218486,6.7312605042016873,4.7583445378151294,53.833442577030667,46.240229691876763,158.45548739495845,158.58935574229727,162.32868627450981,162.80124649859931,2856
2020,IN,IN-AN,Andaman and Nicobar Islands,Rangat,0.671,0.23566666666666666,0.92333333333333323,0.25700000000000006,1.1760000000000002,0.27833333333333338,110.23466666666668,110.23466666666668,103.79266666666669,103.79266666666669,24
