GEOID,NAMELSAD,avg_d_mbps_wt,avg_u_mbps_wt,avg_lat_ms_wt,tests
09001,Fairfield County,53.33847870366847,14.415807025016797,42.54214786466099,5485.75
09003,Hartford County,188.41851260397232,19.904044917215877,33.52268732292793,7246.5
09005,Litchfield County,39.350072962318684,9.332811325688477,49.23434427311421,1038.75
09007,Middlesex County,58.687268877464916,13.234528582046766,37.78443522823621,802.75
09009,New Haven County,68.85058036957008,14.684303887568838,37.290532231996984,4601.5
09011,New London County,43.146894602304585,11.99561714103168,43.71818898036365,1987.0
09013,Tolland County,52.57258887315984,11.144015248921956,37.6992229222493,575.0
09015,Windham County,33.18714291321598,8.818466595310479,43.35097294513573,618.75
