GEOID,NAMELSAD,avg_d_mbps_wt,avg_u_mbps_wt,avg_lat_ms_wt,tests
11001,District of Columbia,246.80953084897686,96.59180277417664,13.08707674784907,25229.25
