GEOID,NAMELSAD,avg_d_mbps_wt,avg_u_mbps_wt,avg_lat_ms_wt,tests
10001,Kent County,302.1438958598258,57.56861121348856,19.908957533778867,5760.5
10003,New Castle County,271.18426324843495,116.48748755005994,11.773623500490743,17206.0
10005,Sussex County,264.0754246600562,55.30111807206118,33.777853924489804,14935.5
