year,geoid,state,state_name,county,download_min,upload_min,download_avg,upload_avg,download_max,upload_max,download_minRTT_r1,download_minRTT_r2,upload_minRTT_r1,upload_minRTT_r2,number_of_measurements
2024,44001,44,Rhode Island,Bristol,2.9143611111111127,0.23154166666666662,169.75279166666664,44.259305555555557,796.76038888888877,427.26983333333345,13.460402777777777,13.48288888888889,14.718847222222223,14.652694444444444,576
2024,44003,44,Rhode Island,Kent,0.55797222222222231,0.054236111111111124,168.75872222222225,81.570666666666668,834.67827777777757,709.19316666666668,13.377263888888892,13.371041666666667,14.193958333333335,14.174666666666665,576
2024,44005,44,Rhode Island,Newport,0.56566666666666665,0.066333333333333355,168.45574999999994,44.651,855.239958333333,467.80630555555541,14.732152777777777,14.730083333333335,15.988013888888894,16.033333333333331,576
2024,44007,44,Rhode Island,Providence,0.072875,0.012152777777777778,152.24945833333334,66.103958333333324,979.36862500000007,911.73304166666674,16.183124999999997,16.179166666666667,17.557999999999996,17.507777777777786,576
2024,44009,44,Rhode Island,Washington,1.2699444444444443,0.093736111111111117,204.00366666666667,100.74334722222223,853.02091666666661,715.5571666666666,12.377861111111113,12.388986111111111,13.795722222222224,13.725499999999997,576
