year,geoid,state,state_name,county,download_min,upload_min,download_avg,upload_avg,download_max,upload_max,download_minRTT_r1,download_minRTT_r2,upload_minRTT_r1,upload_minRTT_r2,number_of_measurements
2022,15001,15,Hawaii,Hawaii,0.21819428571428612,0.049068571428571461,83.849600000000066,18.493928571428544,281.87216857142795,216.46364571428566,73.338891428571387,73.374682857142986,92.005957020057366,92.090951289398362,2800
2022,15003,15,Hawaii,Honolulu,0.23699154929577454,0.10759718309859158,87.065388732394354,24.046571830985886,393.41686760563437,382.27448169014212,79.29118028169006,79.30002535211284,92.854937853107543,92.858751412429456,2840
2022,15007,15,Hawaii,Kauai,0.91510285714285755,0.11754571428571423,87.849354285714227,16.36664285714286,263.24185428571394,179.52947428571369,76.178017142857144,76.054362857142962,93.713088825214925,93.708163323782244,2800
2022,15009,15,Hawaii,Maui,0.24180571428571432,0.05128,88.889362857142658,17.481202857142829,280.75720285714317,218.78426857142841,67.0000400000001,66.94097714285725,91.576934097421244,91.517071633238018,2800
