GEOID,NAMELSAD,avg_d_mbps_wt,avg_u_mbps_wt,avg_lat_ms_wt,tests
15001,Hawaii County,68.21267647359852,13.258988808176623,60.96474525611516,1295.75
15003,Honolulu County,155.70581742647738,25.894508948504313,45.73791987284474,7960.0
15007,Kauai County,64.86652037065087,16.780648730251798,56.85810122866262,515.25
15009,Maui County,135.61232789184504,19.888261029585557,55.211207351182324,2024.25
