year,geoid,state,state_name,county,download_min,upload_min,download_avg,upload_avg,download_max,upload_max,download_minRTT_r1,download_minRTT_r2,upload_minRTT_r1,upload_minRTT_r2,number_of_measurements
2020,09001,09,Connecticut,Fairfield,0.060633879781420832,0.01059016393442622,114.26304644808732,25.713565573770506,800.311677595629,638.13819125682926,16.517057377049213,16.516426229508202,17.68927049180331,17.698953551912574,2928
2020,09003,09,Connecticut,Hartford,0.053997267759562768,0.0096939890710382552,90.725368852459113,15.484401639344251,880.39272131147493,645.19207377049224,22.141172131147588,22.141674863388,22.275325136612075,22.258885245901645,2928
2020,09005,09,Connecticut,Litchfield,0.25789890710382446,0.077418032786885471,96.410185792349651,17.004062841530068,525.6022650273228,255.45045901639338,22.369989071038248,22.341890710382486,23.075778688524576,23.027713114754025,2928
2020,09007,09,Connecticut,Middlesex,0.21221311475409838,0.055726775956284086,97.355308743169473,10.507325136612002,614.88845901639388,162.98101639344299,24.063079234972744,24.054046448087409,24.263076502732293,24.286759562841535,2928
2020,09009,09,Connecticut,New Haven,0.052786885245901707,0.012617486338797817,96.192934426229542,17.053150273224041,1245.2320327868852,751.25576229508124,22.976109289617451,22.969068306010943,23.448437158469968,23.449024590163965,2928
2020,09011,09,Connecticut,New London,0.14324316939890744,0.051049180327868933,89.877980874316961,11.927469945355165,675.87188524590169,250.22603278688538,23.690489071038268,23.678997267759627,24.0402349726776,24.051833333333317,2928
2020,09013,09,Connecticut,Tolland,0.2407814207650267,0.061251366120218691,95.956581967213111,12.552882513661201,645.01549726776079,222.81670218579225,24.6835409836066,24.698453551912564,25.0957568306011,25.077931693989044,2928
2020,09015,09,Connecticut,Windham,0.53849726775956352,0.14894262295081923,74.648483606557221,15.118639344262299,457.29164754098417,213.27290437158445,27.441967213114761,27.378393442622933,27.983180327868816,27.916224043715868,2928
