GEOID,NAMELSAD,avg_d_mbps_wt,avg_u_mbps_wt,avg_lat_ms_wt,tests
09001,Fairfield County,137.50726928607907,33.98233009585256,16.85264254908844,127671.0
09003,Hartford County,136.12569160818825,20.90400072059432,16.5798952156963,76213.25
09005,Litchfield County,137.20711190429012,18.973880309838876,19.767607742027856,19260.5
09007,Middlesex County,147.50664144075824,12.683812639995883,18.855696364994586,14056.25
09009,New Haven County,140.42994292378057,18.558623339667157,20.83199991682683,57405.0
09011,New London County,141.13989483614495,14.678109944941468,18.60635319953715,20741.5
09013,Tolland County,145.86405170674718,14.34226976879787,16.581192736865614,10545.75
09015,Windham County,107.87422439415676,13.04553761748852,18.06539940483769,5884.0
