year,country,state,state_name,city,download_min,upload_min,download_avg,upload_avg,download_max,upload_max,download_minRTT_r1,download_minRTT_r2,upload_minRTT_r1,upload_minRTT_r2,num_of_measurements_daily_sampled
2020,IN,IN-MZ,Mizoram,Aizawl,0.2495000000000003,0.08537978142076505,14.031647540983595,12.539576502732244,90.272030054644645,83.621196721311463,95.791844262295143,95.532999999999916,97.9963360655739,98.007598360655848,2928
2020,IN,IN-MZ,Mizoram,Khawzawl,4.1608750000000008,5.7046250000000018,4.25,6.341625,4.339125000000001,6.9786250000000036,93.645374999999987,93.52037500000003,91.329375,91.2775,64
2020,IN,IN-MZ,Mizoram,Kolasib,10.343854166666672,8.6870833333333444,11.437874999999998,9.3731041666666588,12.570770833333331,10.173999999999991,87.588687500000077,89.095354166666681,114.75568749999996,90.687895833333314,384
2020,IN,IN-MZ,Mizoram,Lawngtlai,4.3687848101265843,1.7503924050632909,9.5685063291139265,4.8730379746835384,16.753151898734171,9.3435316455696142,117.54286075949369,117.77339240506335,141.5854303797469,141.1022025316455,632
2020,IN,IN-MZ,Mizoram,Lunglei,2.3012032258064465,1.423329032258065,14.545638709677416,11.589845161290313,46.918383870967759,40.60239999999996,57.258638709677363,57.630429032257929,58.609893548387049,58.707938709677329,2480
2020,IN,IN-MZ,Mizoram,Saiha,1.7112608695652169,0.840673913043478,3.8496739130434769,2.7113913043478255,7.8043043478260845,6.8392826086956591,113.07354347826087,112.93076086956516,116.81236956521734,117.84230434782613,368
2020,IN,IN-MZ,Mizoram,Serchhip,33.5152037037037,26.011037037037028,38.504999999999995,32.755500000000026,43.087185185185149,39.682203703703713,71.651425925925963,70.857666666666731,74.692944444444407,74.376111111111086,432
