GEOID,NAMELSAD,avg_d_mbps_wt,avg_u_mbps_wt,avg_lat_ms_wt,tests
15001,Hawaii County,85.40368932217487,13.66124658135646,55.99783793169797,1240.25
15003,Honolulu County,214.27062360628463,26.803588054313977,43.27864421029254,6282.25
15007,Kauai County,78.41980230346971,17.666663524773078,52.17752974697099,489.5
15009,Maui County,153.71657596270737,19.02266816455144,56.140418130769795,1846.5
