GEOID,NAMELSAD,avg_d_mbps_wt,avg_u_mbps_wt,avg_lat_ms_wt,tests
15001,Hawaii County,60.20223530405749,11.842763340765774,51.96418248652885,1233.25
15003,Honolulu County,105.96300450252855,18.33366522353054,39.40599730009832,9518.5
15005,Kalawao County,16.124,2.001,74.0,1.0
15007,Kauai County,59.03305483114977,13.792930107178044,48.66124654710602,372.75
15009,Maui County,64.3435719115514,13.286029919509613,52.26704808799316,1683.0
