GEOID,NAMELSAD,avg_d_mbps_wt,avg_u_mbps_wt,avg_lat_ms_wt,tests
11001,District of Columbia,203.73985462172382,82.15222682672442,11.51696299611557,33488.75
