year,country,state,state_name,city,download_min,upload_min,download_avg,upload_avg,download_max,upload_max,download_minRTT_r1,download_minRTT_r2,upload_minRTT_r1,upload_minRTT_r2,num_of_measurements_daily_sampled
2022,IN,IN-PY,Puducherry,Dharmapuram,12.641449781659382,8.1666069868995947,48.909183406113584,38.395646288209683,116.77142358078602,99.473742358078226,27.842135371179044,27.873082969432328,31.194131578947353,30.698122807017523,1832
2022,IN,IN-PY,Puducherry,Karaikal,1.4345474006116203,0.51305810397553531,33.792975535168267,27.301792048929688,137.078400611621,114.43811314984701,24.880116207951112,24.735244648318055,27.742404907975473,27.659144171779175,2616
2022,IN,IN-PY,Puducherry,Puducherry,0.54848036253776478,0.26829305135951664,41.036972809667567,28.323546827794569,399.64073111782579,245.28288217522623,23.968051359516597,24.023051359516572,26.646610271903331,26.568087613293066,2648
2022,IN,IN-PY,Puducherry,Reddichavadi,30.501410000000007,31.081500000000016,47.666129999999974,47.939079999999976,68.612199999999973,67.688089999999931,44.218260000000051,43.519759999999991,53.97446999999999,52.500460000000004,800
2022,IN,IN-PY,Puducherry,Villenour,13.466840000000005,7.2048799999999984,51.69468,36.680479999999996,101.89960000000005,81.45372,29.274759999999979,28.801079999999985,28.302319999999998,30.878519999999995,200
