year,country,state,state_name,city,download_min,upload_min,download_avg,upload_avg,download_max,upload_max,download_minRTT_r1,download_minRTT_r2,upload_minRTT_r1,upload_minRTT_r2,num_of_measurements_daily_sampled
2020,IN,IN-CH,Chhattisgarh,Badheri,2.9782437499999932,2.1041531250000016,13.804093749999986,9.4538906249999943,56.5952374999999,41.9868624999999,71.5457406250001,71.6687249999998,75.386637499999949,75.377559375,2560
2020,IN,IN-CH,Chhattisgarh,Chandigarh,0.024789617486338789,0.0066092896174863346,21.356546448087407,15.239915300546443,314.06017213114814,264.17471857923562,43.752918032786908,43.6921147540984,44.419926229508228,44.400360655737792,2928
