year,country,state,state_name,city,download_min,upload_min,download_avg,upload_avg,download_max,upload_max,download_minRTT_r1,download_minRTT_r2,upload_minRTT_r1,upload_minRTT_r2,num_of_measurements_daily_sampled
2022,IN,IN-LD,Lakshadweep,Amini,3.8772857142857138,1.7002857142857142,4.4062857142857164,1.7528571428571429,4.9355714285714285,1.8055714285714279,77.5284285714286,77.5284285714286,48.008285714285712,46.019714285714294,56
2022,IN,IN-LD,Lakshadweep,Kalpeni,24.238153846153846,18.372153846153847,51.010192307692314,38.119730769230763,82.95430769230768,62.98478846153845,31.124884615384595,30.332596153846136,33.232096153846143,33.689826923076943,416
2022,IN,IN-LD,Lakshadweep,Kavaratti,4.6841170212765872,2.8397765957446843,7.4132127659574394,4.4368244680851037,10.581558510638295,6.3450212765957472,321.44413829787226,324.11881914893661,330.29099468085076,330.19425000000012,1504
