year,geoid,state,state_name,county,download_min,upload_min,download_avg,upload_avg,download_max,upload_max,download_minRTT_r1,download_minRTT_r2,upload_minRTT_r1,upload_minRTT_r2,num_of_measurements_daily_sampled
2024,09001,09,Connecticut,Fairfield,0.095305555555555546,0.020722222222222215,185.57456944444439,84.579277777777776,1121.7978611111109,1225.2334027777774,10.496638888888887,10.51322222222222,12.941111111111113,12.933569444444442,576
2024,09003,09,Connecticut,Hartford,0.066097222222222224,0.011583333333333333,152.44016666666667,79.5768611111111,1065.2841666666664,1072.4250277777778,16.315083333333327,16.303333333333335,17.784236111111117,17.782569444444448,576
2024,09005,09,Connecticut,Litchfield,0.6691527777777776,0.059166666666666666,194.23138888888892,69.071277777777809,911.29308333333336,887.34463888888877,14.602333333333331,14.631625,16.546000000000003,16.505624999999995,576
2024,09007,09,Connecticut,Middlesex,0.27002777777777781,0.0431527777777778,166.05226388888889,56.735472222222221,869.59819444444463,778.63111111111107,18.033458333333336,18.077444444444446,19.947944444444445,19.948583333333332,576
2024,09009,09,Connecticut,New Haven,0.045000000000000012,0.014763888888888891,167.96568055555554,75.922833333333344,1066.9797777777776,1029.3324583333333,16.585111111111107,16.589208333333335,18.521125,18.499152777777773,576
2024,09011,09,Connecticut,New London,0.31518055555555546,0.045222222222222226,157.1481666666667,44.476486111111107,855.82604166666636,785.26208333333318,17.815749999999998,17.855027777777778,20.15580555555556,20.13688888888889,576
2024,09013,09,Connecticut,Tolland,0.44356944444444452,0.048611111111111119,175.59240277777781,53.363055555555562,1022.4109166666668,786.80522222222226,18.432499999999997,18.48169444444444,20.474513888888893,20.443069444444443,576
2024,09015,09,Connecticut,Windham,1.6673055555555556,0.09104166666666666,158.10895833333336,68.987083333333317,695.15095833333351,737.00151388888878,19.470513888888885,19.509541666666671,21.54481944444445,21.524263888888893,576
