year,country,state,state_name,city,download_min,upload_min,download_avg,upload_avg,download_max,upload_max,download_minRTT_r1,download_minRTT_r2,upload_minRTT_r1,upload_minRTT_r2,num_of_measurements_daily_sampled
2020,IN,IN-ML,Meghalaya,Jowai,4.396320512820509,1.4618205128205117,7.103974358974356,2.1976153846153843,11.052756410256393,3.6932179487179484,121.15320512820499,119.52864102564095,135.46284615384644,133.81057692307698,624
2020,IN,IN-ML,Meghalaya,Khliehriat,3.5409999999999977,0.33970000000000011,5.2966999999999977,1.1283000000000005,7.0524999999999984,1.9278999999999993,112.69840000000002,116.45189999999997,98.003500000000017,99.246200000000016,80
2020,IN,IN-ML,Meghalaya,Laitumkhrah,1.2899777777777768,2.8546888888888895,9.3428000000000022,10.814022222222219,19.728022222222229,22.811022222222224,154.21817777777792,154.55348888888889,141.91615555555541,143.94820000000004,360
2020,IN,IN-ML,Meghalaya,Nongpoh,1.9470322580645167,1.2925806451612907,3.2641290322580656,1.8032580645161294,4.7923225806451573,2.336387096774192,193.05967741935478,192.78822580645152,198.38912903225798,196.54512903225807,248
2020,IN,IN-ML,Meghalaya,Nongstoin,0.88331818181818156,0.87452272727272706,1.5077727272727275,1.2622954545454539,2.2548409090909103,1.6765681818181823,155.43779545454535,155.10986363636343,116.97572727272734,116.10768181818182,352
2020,IN,IN-ML,Meghalaya,Resubelpara,1.458,0.75550000000000006,6.3696666666666681,1.7861666666666669,10.450833333333332,2.8166666666666673,98.830666666666659,98.830666666666659,84.714999999999989,84.714999999999989,48
2020,IN,IN-ML,Meghalaya,Shillong,0.08360989010989027,0.039123626373626319,11.703107142857125,9.68059890109889,87.861181318681318,75.521662087911949,118.93096978021973,118.74305219780214,118.14114285714257,118.07989010989024,2912
2020,IN,IN-ML,Meghalaya,Tura,4.5607058823529352,2.3649411764705941,17.180764705882314,13.133182352941171,37.940688235294175,31.964917647058794,114.77516470588232,114.85139411764702,117.37092941176485,118.33112352941174,1360
