GEOID,NAMELSAD,avg_d_mbps_wt,avg_u_mbps_wt,avg_lat_ms_wt,tests
11001,District of Columbia,318.0925589155753,32.890520639961814,29.230062460712624,5607.5
