GEOID,NAMELSAD,avg_d_mbps_wt,avg_u_mbps_wt,avg_lat_ms_wt,tests
09110,Capitol Planning Region,194.2391421680108,22.495738397745495,32.118547668351454,5370.5
09120,Greater Bridgeport Planning Region,227.381013936887,28.314929711850752,32.5064115442149,1310.5
09130,Lower Connecticut River Valley Planning Region,192.15289955677756,24.263146554753135,32.23634406309931,704.75
09140,Naugatuck Valley Planning Region,206.54734503647637,22.065143040947756,33.322685825913986,1857.25
09150,Northeastern Connecticut Planning Region,233.9092399169334,23.317288555598388,31.82750417593263,867.0
09160,Northwest Hills Planning Region,161.22592145471427,18.691532590671706,34.29187784953726,419.0
09170,South Central Connecticut Planning Region,264.55615568344894,27.09927622289343,31.55816466765821,2521.25
09180,Southeastern Connecticut Planning Region,160.3425727356286,19.096411731408352,33.650508860815485,1838.75
09190,Western Connecticut Planning Region,187.16066947795466,24.672967872112544,36.384880740597396,2361.0
