GEOID,NAMELSAD,avg_d_mbps_wt,avg_u_mbps_wt,avg_lat_ms_wt,tests
10001,Kent County,262.7035200883544,46.39765783077945,23.47587395255556,6390.0
10003,New Castle County,239.67894897249576,96.36722871899526,13.400998182629717,19304.5
10005,Sussex County,228.80140046999725,33.23237264069553,35.707777690868944,17043.25
