GEOID,NAMELSAD,avg_d_mbps_wt,avg_u_mbps_wt,avg_lat_ms_wt,tests
09001,Fairfield County,109.14617389386748,19.992061159932668,35.81949876442697,5515.75
09003,Hartford County,152.45487735998915,22.13764896145551,31.0770034344841,6793.0
09005,Litchfield County,64.89708927449101,10.437018890951387,46.702659381717964,1491.0
09007,Middlesex County,76.63433874431632,14.637784016877598,33.39904439272714,875.0
09009,New Haven County,138.68597742850838,20.55452771988858,32.11436673360818,5442.75
09011,New London County,75.01351277226051,13.895093526094618,35.52741136279111,2063.5
09013,Tolland County,63.89631387679434,13.826203823068418,35.796534458052996,693.75
09015,Windham County,91.1656183825366,14.218182884605355,37.1419327291005,788.75
