year,country,state,state_name,city,download_min,upload_min,download_avg,upload_avg,download_max,upload_max,download_minRTT_r1,download_minRTT_r2,upload_minRTT_r1,upload_minRTT_r2,num_of_measurements_daily_sampled
2024,IN,IN-SK,Sikkim,Gangtok,0.50745205479452049,0.059178082191780813,31.400164383561641,23.605917808219186,156.33186301369861,142.258698630137,62.471945205479443,62.29856164383564,62.606095890410963,62.312493150684944,584
2024,IN,IN-SK,Sikkim,Gyalshing,1.7993731343283579,0.59925373134328364,26.103507462686551,19.748029850746267,80.0262089552239,61.366343283582069,61.92414925373135,62.068656716417919,66.174283582089558,65.921343283582075,536
2024,IN,IN-SK,Sikkim,Jorethang,18.872454545454541,12.139242424242425,33.270909090909093,23.133545454545455,53.895848484848479,34.165666666666667,72.995424242424249,73.4051515151515,74.785303030303041,75.058696969697,264
2024,IN,IN-SK,Sikkim,Namchi,8.77206896551724,5.68744827586207,41.517241379310356,28.72158620689655,102.6751379310345,70.570758620689659,63.886999999999993,63.978517241379294,69.369758620689666,69.352517241379317,232
2024,IN,IN-SK,Sikkim,Rangpo,1.6645999999999996,0.92913333333333337,23.275733333333331,18.257666666666669,77.155266666666662,66.924533333333343,66.684666666666658,62.081666666666663,58.442933333333329,60.429866666666669,120
2024,IN,IN-SK,Sikkim,Rhenok,7.1916666666666682,0.42066666666666669,38.202555555555556,22.663333333333327,95.564000000000007,59.433555555555557,71.050888888888892,70.042444444444456,68.53166666666668,69.226222222222219,72
