GEOID,NAMELSAD,avg_d_mbps_wt,avg_u_mbps_wt,avg_lat_ms_wt,tests
10001,Kent County,125.7680234161165,18.372975760567602,43.18781412116898,1342.5
10003,New Castle County,155.20588961189233,19.263499554445996,35.36922373171394,2919.5
10005,Sussex County,131.6326212985956,19.418456417819954,39.185080055238366,1817.0
