year,country,state,state_name,city,download_min,upload_min,download_avg,upload_avg,download_max,upload_max,download_minRTT_r1,download_minRTT_r2,upload_minRTT_r1,upload_minRTT_r2,num_of_measurements_daily_sampled
2021,IN,IN-PY,Puducherry,Ariyankuppam,1.9682857142857135,0.5438095238095243,2.8694285714285712,0.78023809523809529,3.8639047619047626,1.0175714285714286,238.61757142857147,238.61757142857147,243.68585714285709,243.68585714285709,168
2021,IN,IN-PY,Puducherry,Dharmapuram,2.3375000000000017,0.22287499999999993,4.1270624999999974,0.64150000000000007,6.8348499999999985,1.7053,155.8488,157.12498750000009,156.08622499999996,158.82176250000009,640
2021,IN,IN-PY,Puducherry,Karaikal,0.21106575342465736,0.0354931506849314,22.944605479452019,16.115652054794502,136.46029041095861,106.48472602739737,45.414120547945224,45.45502465753426,47.568879452054823,47.564326027397236,2920
2021,IN,IN-PY,Puducherry,Pillaiyarkuppam,1.7353043478260877,0.27217391304347821,8.8031739130434818,1.9146521739130427,26.713739130434782,7.6925217391304361,85.348521739130391,85.295304347826089,88.3687826086956,88.269695652173937,184
2021,IN,IN-PY,Puducherry,Puducherry,0.037230136986301288,0.0081205479452054821,27.477123287671276,19.642526027397242,357.08053972602704,296.23830410958885,38.947676712328729,38.941019178082229,41.480435616438392,41.491534246575263,2920
2021,IN,IN-PY,Puducherry,Reddichavadi,6.8619166666666649,1.0050000000000001,8.7340000000000035,1.5851666666666668,10.675333333333338,2.2861666666666669,24.533083333333344,24.614333333333335,35.782500000000006,35.566250000000004,96
2021,IN,IN-PY,Puducherry,Villenour,5.1932068965517271,0.97396551724137947,10.697310344827592,2.5731034482758632,18.663137931034477,4.8047586206896566,32.550827586206907,32.56379310344829,33.678931034482773,34.236103448275877,232
