year,geoid,state,state_name,county,download_min,upload_min,download_avg,upload_avg,download_max,upload_max,download_minRTT_r1,download_minRTT_r2,upload_minRTT_r1,upload_minRTT_r2,num_of_measurements_daily_sampled
2020,15001,15,Hawaii,Hawaii,0.16362841530054625,0.059142076502732219,51.806868852459,11.202945355191229,261.17626502732281,131.63314480874286,77.0452814207651,77.020475409836138,78.469273224043874,78.534196721311474,2928
2020,15003,15,Hawaii,Honolulu,0.04347540983606548,0.011959016393442627,58.64504371584691,18.618073770491897,373.69046448087306,299.46220765027397,74.112278688524455,74.08757103825134,74.361672131147444,74.344325136611943,2928
2020,15007,15,Hawaii,Kauai,0.655390710382513,0.24738797814207689,54.283767759562778,9.168724043715871,212.27409016393452,41.00629781420762,76.870147540983581,76.854385245901639,77.7998934426231,77.8069699453551,2928
2020,15009,15,Hawaii,Maui,0.1547267759562839,0.081322404371584459,61.62159836065581,11.984092896174888,277.81052185792385,109.9053770491803,74.9054535519126,74.858986338798061,75.628254098360657,75.588284153005432,2928
