year,country,state,state_name,city,download_min,upload_min,download_avg,upload_avg,download_max,upload_max,download_minRTT_r1,download_minRTT_r2,upload_minRTT_r1,upload_minRTT_r2,num_of_measurements_daily_sampled
2021,IN,IN-AN,Andaman and Nicobar Islands,Aberdeen,21.616487804878052,11.023195121951217,31.943902439024402,14.920390243902439,45.300439024390222,19.566560975609757,31.406121951219522,34.558463414634176,31.786073170731719,33.304780487804848,328
2021,IN,IN-AN,Andaman and Nicobar Islands,Ferrargunj,4.9451964285714265,0.77607142857142775,6.3317053571428534,1.1254375000000005,7.9734732142857121,1.5420714285714276,72.263000000000076,71.3202321428572,75.3803928571428,76.3149017857143,896
2021,IN,IN-AN,Andaman and Nicobar Islands,Haddo,4.2639104477611935,3.3401194029850729,7.2878208955223887,4.7483283582089539,11.582343283582096,6.355119402985081,73.42525373134329,73.436507462686492,77.6466268656717,77.745253731343311,536
2021,IN,IN-AN,Andaman and Nicobar Islands,Port Blair,0.053071232876712254,0.013361643835616445,12.463210958904076,8.78886575342469,126.36883835616442,102.10039178082197,73.29129589041095,73.34079726027413,74.224410958904045,74.216860273972728,2920
2021,IN,IN-AN,Andaman and Nicobar Islands,Rangat,6.8929090909090913,0.83213636363636379,7.2754545454545463,0.91872727272727273,7.6579999999999977,1.0053181818181818,50.8958636363636,50.701318181818188,64.170954545454535,63.41481818181817,176
