GEOID,NAMELSAD,avg_d_mbps_wt,avg_u_mbps_wt,avg_lat_ms_wt,tests
44001,Bristol County,153.50062084918727,23.101709064986284,35.612772672790896,227.25
44003,Kent County,100.47203974235387,18.52647665989564,32.807653899888024,996.25
44005,Newport County,67.6431143408838,14.796502819118826,35.95860339814071,529.0
44007,Providence County,584.5843252066355,59.993437739399624,30.04319040225863,6452.5
44009,Washington County,74.52690479601114,14.801800363020906,35.12973772344312,486.75
