GEOID,NAMELSAD,avg_d_mbps_wt,avg_u_mbps_wt,avg_lat_ms_wt,tests
44001,Bristol County,232.0179933960856,32.81901326772051,13.24401312426044,2107.25
44003,Kent County,242.4572305664739,110.67948242685813,11.72048555524033,5070.75
44005,Newport County,194.8040258640658,16.734684827319185,20.93613808599479,5281.25
44007,Providence County,249.88555174901748,103.65738629573974,10.847809521086319,15982.75
44009,Washington County,217.7004708816619,89.16469300828462,23.326646356342785,4699.5
