year,geoid,state,state_name,county,download_min,upload_min,download_avg,upload_avg,download_max,upload_max,download_minRTT_r1,download_minRTT_r2,upload_minRTT_r1,upload_minRTT_r2,num_of_measurements_daily_sampled
2021,15001,15,Hawaii,Hawaii,0.17863287671232841,0.0376054794520548,68.220350684931688,15.327893150684929,297.75344931506862,207.63953150684927,70.421969863013643,70.418753424657567,73.071156164383538,73.128498630137045,2920
2021,15003,15,Hawaii,Honolulu,0.05364383561643836,0.010635616438356145,78.160649315068554,21.021638356164356,421.816961643836,370.35007671232876,68.518764383561589,68.479438356164223,70.22371232876705,70.207630136986168,2920
2021,15007,15,Hawaii,Kauai,0.616071232876712,0.073279452054794372,69.1709726027397,10.76840273972604,252.98592054794477,95.35847123287661,70.044884931506729,70.101452054794535,73.265613698629991,73.329901369862966,2920
2021,15009,15,Hawaii,Maui,0.17414520547945214,0.036205479452054781,72.381920547945171,13.756167123287691,287.05499999999961,191.59511232876696,69.276802739725952,69.268884931506889,71.7530164383562,71.720465753424776,2920
