year,country,state,state_name,city,download_min,upload_min,download_avg,upload_avg,download_max,upload_max,download_minRTT_r1,download_minRTT_r2,upload_minRTT_r1,upload_minRTT_r2,num_of_measurements_daily_sampled
2024,IN,IN-MZ,Mizoram,Aizawl,0.035054794520547952,0.0080273972602739711,51.499041095890405,12.396876712328767,307.06919178082194,214.57610958904107,95.168972602739714,95.197246575342476,96.726986301369848,96.632383561643849,584
2024,IN,IN-MZ,Mizoram,Khawzawl,2.4350434782608694,1.0563043478260867,8.6209130434782626,2.1652608695652176,17.802086956521737,3.6875652173913047,99.655260869565225,98.129347826086956,95.433565217391276,95.433565217391276,184
2024,IN,IN-MZ,Mizoram,Kolasib,3.2928356164383552,1.6193013698630139,31.03705479452054,21.919136986301375,85.595493150684916,57.669876712328751,59.838287671232905,59.972684931506841,61.215342465753459,60.550191780821912,584
2024,IN,IN-MZ,Mizoram,Lawngtlai,10.537413043478258,6.2460869565217392,28.628826086956526,18.024630434782598,58.92876086956521,37.461586956521728,71.030543478260881,71.13434782608698,72.679565217391328,72.723456521739124,368
2024,IN,IN-MZ,Mizoram,Lunglei,9.6308030303030314,3.27210606060606,36.580015151515155,23.589606060606059,104.01195454545454,66.794696969696957,69.949666666666673,69.451848484848483,74.767045454545467,74.708666666666673,528
2024,IN,IN-MZ,Mizoram,Lungsen,5.5307,6.2420000000000018,28.128899999999998,32.923899999999989,45.806500000000014,50.688200000000016,77.580500000000029,77.516299999999973,78.140299999999982,78.836499999999972,80
2024,IN,IN-MZ,Mizoram,Mizoram,9.1358571428571445,2.8054285714285712,12.094071428571429,3.3621428571428575,14.749785714285709,3.9802142857142857,85.638214285714284,85.638214285714284,84.313857142857159,84.313857142857159,112
