GEOID,NAMELSAD,avg_d_mbps_wt,avg_u_mbps_wt,avg_lat_ms_wt,tests
11001,District of Columbia,294.23465200856504,33.47677840691315,33.47904368369316,4230.25
