GEOID,NAMELSAD,avg_d_mbps_wt,avg_u_mbps_wt,avg_lat_ms_wt,tests
10001,Kent County,45.83257646740716,11.76509314288652,40.468782681965905,631.75
10003,New Castle County,42.30784320844583,11.227834482335247,45.043621754121496,1914.5
10005,Sussex County,43.68245848138449,9.758290162829036,49.11901134477174,1105.0
