year,country,state,state_name,city,download_min,upload_min,download_avg,upload_avg,download_max,upload_max,download_minRTT_r1,download_minRTT_r2,upload_minRTT_r1,upload_minRTT_r2,num_of_measurements_daily_sampled
2023,IN,IN-PY,Puducherry,Dharmapuram,3.0834432989690717,0.94513402061856011,38.587855670103089,28.534247422680405,120.24996907216509,89.098288659793823,24.483536082474224,24.617865979381435,26.8921649484536,26.994010309278366,776
2023,IN,IN-PY,Puducherry,Karaikal,2.9719825783972107,1.0003101045296172,46.332480836236968,36.041571428571451,165.28951916376323,132.88219512195136,28.060278745644585,27.928006968641157,31.173505226480827,31.143034843205584,2296
2023,IN,IN-PY,Puducherry,Kāraikāl,0.94676000000000016,0.092520000000000047,50.304520000000061,41.907860000000035,165.4762,168.81055999999998,26.66231999999999,26.372220000000006,28.007520000000014,27.85873999999999,400
2023,IN,IN-PY,Puducherry,Puducherry,0.063295857988165644,0.013579881656804734,40.27401775147932,27.178215976331366,353.88321301775176,227.33546153846169,32.455491124260277,32.44176923076926,33.829644970414236,33.826967455621258,2704
2023,IN,IN-PY,Puducherry,Reddichavadi,8.7293050847457572,6.4504067796610185,53.71137288135597,44.322389830508477,125.09586440677968,98.168440677966075,31.184389830508472,31.199694915254227,34.963966101694893,35.514728813559337,472
2023,IN,IN-PY,Puducherry,Vengara,0.81119672131147513,0.0958360655737705,12.004196721311471,3.0872950819672154,49.660819672131147,11.943327868852462,63.186016393442607,63.290311475409808,67.34552459016389,67.495081967213125,488
