year,geoid,state,state_name,county,download_min,upload_min,download_avg,upload_avg,download_max,upload_max,download_minRTT_r1,download_minRTT_r2,upload_minRTT_r1,upload_minRTT_r2,number_of_measurements
2024,15001,15,Hawaii,Hawaii,0.36025,0.050569444444444452,104.9125972222222,28.547416666666667,338.08941666666664,300.34601388888876,64.130416666666676,63.995388888888861,65.975625,66.1029583333333,576
2024,15003,15,Hawaii,Honolulu,0.060875000000000012,0.010777777777777778,101.7146111111111,32.550472222222226,529.1826111111111,419.92405555555564,66.516874999999985,66.509736111111081,68.589513888888888,68.6397361111111,576
2024,15007,15,Hawaii,Kauai,1.0973611111111112,0.1150138888888889,119.17970833333331,40.271125,342.20723611111111,370.54759722222212,63.608652777777763,63.596152777777753,66.474472222222218,66.4783611111111,576
2024,15009,15,Hawaii,Maui,0.30912500000000009,0.049777777777777761,112.76487500000002,29.155958333333334,382.23481944444438,317.00444444444435,62.059416666666664,61.995930555555553,64.702666666666659,64.523305555555538,576
