GEOID,NAMELSAD,avg_d_mbps_wt,avg_u_mbps_wt,avg_lat_ms_wt,tests
15001,Hawaii County,27.383741311130894,9.022850404589079,73.59495375381167,1127.75
15003,Honolulu County,33.72660536477447,13.673270106818709,53.16322762777213,6911.25
15007,Kauai County,29.029089372824792,9.771873300697814,61.99198160479531,425.75
15009,Maui County,49.86759919415981,11.599799152170094,69.42179693835094,1356.0
