GEOID,NAMELSAD,avg_d_mbps_wt,avg_u_mbps_wt,avg_lat_ms_wt,tests
10001,Kent County,63.77944143104898,13.57173438498423,38.31433865955932,792.0
10003,New Castle County,57.12084011060686,14.551544902954893,35.38256958093371,3067.25
10005,Sussex County,121.53597894013012,15.852647487167257,41.64095367277145,1811.75
