year,geoid,state,state_name,county,download_min,upload_min,download_avg,upload_avg,download_max,upload_max,download_minRTT_r1,download_minRTT_r2,upload_minRTT_r1,upload_minRTT_r2,number_of_measurements
2022,10001,10,Delaware,Kent,4.90621487603305,0.75453994490358245,215.07331680440709,41.565292011019288,886.639308539945,576.23454820936536,11.659146005509644,11.672126721763096,16.337209944751372,16.336375690607714,2904
2022,10003,10,Delaware,New Castle,0.34857967032967146,0.049854395604395418,186.67609890109875,79.276005494505668,944.09179670329445,856.89107967032874,9.2177390109889856,9.2123434065934191,15.305355371900832,15.319942148760333,2912
2022,10005,10,Delaware,Sussex,1.2564395604395597,0.20555494505494543,164.62742307692338,30.810678571428571,869.02856593406636,494.94940109890041,13.331060439560428,13.31615384615386,23.586975206611548,23.595793388429758,2912
