year,country,state,state_name,city,download_min,upload_min,download_avg,upload_avg,download_max,upload_max,download_minRTT_r1,download_minRTT_r2,upload_minRTT_r1,upload_minRTT_r2,num_of_measurements_daily_sampled
2020,IN,IN-PY,Puducherry,Dharmapuram,1.7713097345132751,1.2147256637168162,7.6960619469026552,3.3884070796460173,20.491150442477878,10.639743362831856,69.313796460176945,67.643592920353882,68.98011504424781,68.861035398230058,904
2020,IN,IN-PY,Puducherry,Karaikal,0.51252722063037282,0.12424641833810904,8.2954383954154611,4.4757277936962758,45.626899713466933,36.28291977077356,70.335300859598817,72.297340974211963,69.699163323782287,69.39553008595982,2792
2020,IN,IN-PY,Puducherry,Pillaiyarkuppam,2.0574482758620687,0.93279310344827515,6.0487586206896555,2.0356206896551714,10.273103448275863,3.4872758620689654,60.315517241379325,54.269379310344789,51.730241379310343,55.191172413793069,232
2020,IN,IN-PY,Puducherry,Puducherry,0.13076229508196713,0.081734972677595288,17.206653005464453,14.021412568306026,184.87753005464518,256.52033606557336,36.309756830600868,36.308882513661253,38.155210382513665,38.168901639344234,2928
