GEOID,NAMELSAD,avg_d_mbps_wt,avg_u_mbps_wt,avg_lat_ms_wt,tests
10001,Kent County,165.74503244466817,31.691366290316818,25.480659378666772,6527.25
10003,New Castle County,138.1279418939904,53.42542934531193,17.144141870725832,21133.25
10005,Sussex County,123.46760518776158,20.16826272755318,38.611307452501535,12678.25
