GEOID,NAMELSAD,avg_d_mbps_wt,avg_u_mbps_wt,avg_lat_ms_wt,tests
09001,Fairfield County,196.06517819530484,52.503937645520665,16.13599731466502,92088.25
09003,Hartford County,192.6137003057114,43.43109940139752,15.818351765559663,57418.75
09005,Litchfield County,178.5545894245508,21.919876188894204,17.871595191915496,15473.75
09007,Middlesex County,195.04878626681946,23.528633195590658,18.72352741486405,9594.5
09009,New Haven County,198.81499979319457,37.742621496563444,19.02355131689613,46381.75
09011,New London County,183.0184568118087,23.30117772452265,17.783481556366553,15301.25
09013,Tolland County,197.9940983269402,21.103016294260893,16.245737546203642,8211.25
09015,Windham County,151.53635727228135,19.462265872266197,17.90372775866955,5312.0
