GEOID,NAMELSAD,avg_d_mbps_wt,avg_u_mbps_wt,avg_lat_ms_wt,tests
11001,District of Columbia,156.0159630522308,70.70841842902789,11.838886344266529,43042.25
