year,country,state,state_name,city,download_min,upload_min,download_avg,upload_avg,download_max,upload_max,download_minRTT_r1,download_minRTT_r2,upload_minRTT_r1,upload_minRTT_r2,num_of_measurements_daily_sampled
2021,IN,IN-LD,Lakshadweep,Kavaratti,8.1739180327868866,1.4991065573770488,9.8444180327868942,1.7226065573770506,11.98475409836065,2.0017704918032782,85.80466393442623,82.97165573770495,90.95413934426233,89.546491803278712,976
2021,IN,IN-LD,Lakshadweep,Minicoy,0.17949999999999991,0.04475,0.17949999999999991,0.04475,0.17949999999999991,0.04475,606.238,606.238,761.674,761.674,32
