year,country,state,state_name,city,download_min,upload_min,download_avg,upload_avg,download_max,upload_max,download_minRTT_r1,download_minRTT_r2,upload_minRTT_r1,upload_minRTT_r2,num_of_measurements_daily_sampled
2021,IN,IN-CH,Chhattisgarh,Badheri,2.5543109243697448,0.93185994397758909,25.639683473389379,17.09467787114848,104.06837815126056,72.92278711484586,69.870537815125942,69.7455042016806,73.051476190476421,74.498338935574338,2856
2021,IN,IN-CH,Chhattisgarh,Chandigarh,0.022057534246575323,0.0068794520547945251,36.792369863013775,23.831706849315061,617.76725753424648,450.46918356164286,34.871090410958914,34.866323287671264,36.501134246575347,36.493684931506849,2920
