year,country,state,state_name,city,download_min,upload_min,download_avg,upload_avg,download_max,upload_max,download_minRTT_r1,download_minRTT_r2,upload_minRTT_r1,upload_minRTT_r2,num_of_measurements_daily_sampled
2021,IN,IN-NL,Nagaland,Dimapur,0.13796164383561621,0.028339726027397264,16.6925534246575,10.410238356164376,90.080369863013559,67.5383616438356,109.23706027397262,109.25855342465746,109.5156602739724,109.23784657534235,2920
2021,IN,IN-NL,Nagaland,Kohima,0.33293424657534265,0.042997260273972653,21.169364383561614,13.227791780821926,89.22154520547943,67.083926027397254,91.228939726027335,91.44224931506848,92.806019178082181,92.842454794520776,2920
2021,IN,IN-NL,Nagaland,Mokokchung,7.634493902439015,2.9490884146341481,22.304844512195118,12.202734756097529,48.017277439024426,26.280579268292698,102.03630792682921,101.2104664634148,102.04860365853656,102.1155426829267,2624
2021,IN,IN-NL,Nagaland,Mon,4.50136111111111,1.0474999999999999,6.9044722222222212,2.0246111111111107,10.118138888888888,3.2759999999999994,98.184333333333342,96.326444444444519,92.9158888888889,92.81330555555563,288
2021,IN,IN-NL,Nagaland,Nagaland,1.647969325153376,0.42063803680981615,11.19803680981596,4.7495092024539787,40.884582822085804,21.308374233128831,162.45930061349691,162.66312269938655,164.62153374233128,164.91370552147248,1304
2021,IN,IN-NL,Nagaland,Tuli,0.77386666666666648,1.1073333333333328,3.2451333333333334,1.8297333333333334,6.8074666666666648,2.9748666666666677,93.472000000000008,95.080666666666687,112.44120000000001,112.95259999999999,120
2021,IN,IN-NL,Nagaland,Wokha,4.2063500000000014,1.7222499999999998,9.061650000000002,2.4689999999999985,14.559575000000008,3.3539250000000016,95.240300000000019,101.14614999999996,106.01920000000004,99.917625000000058,320
