year,country,state,state_name,city,download_min,upload_min,download_avg,upload_avg,download_max,upload_max,download_minRTT_r1,download_minRTT_r2,upload_minRTT_r1,upload_minRTT_r2,num_of_measurements_daily_sampled
2024,IN,IN-AR,Arunachal Pradesh,Arunachal Pradesh,5.6778604651162832,1.2872790697674414,26.364511627906978,14.139093023255814,80.123093023255777,39.699511627906979,86.4432093023256,86.4185581395349,102.73632558139532,103.02974418604656,344
2024,IN,IN-AR,Arunachal Pradesh,Dirāng,6.6858461538461533,5.886692307692309,32.020051282051284,23.443307692307691,66.18223076923077,49.028897435897427,68.063333333333347,69.118461538461546,68.505205128205134,68.030974358974376,312
2024,IN,IN-AR,Arunachal Pradesh,Diyun,23.725166666666667,2.4885833333333336,33.047124999999994,4.339125,46.408749999999991,7.0514166666666682,80.605833333333337,80.206166666666675,83.161458333333343,82.705208333333331,192
2024,IN,IN-AR,Arunachal Pradesh,Itanagar,0.70949315068493179,0.048575342465753416,40.102712328767126,19.428027397260276,149.24261643835612,97.03658904109588,94.242301369863057,94.375547945205454,95.4008493150685,95.225082191780842,584
2024,IN,IN-AR,Arunachal Pradesh,Naharlagun,4.2821,0.10159999999999997,47.542199999999994,11.364100000000004,128.08300000000006,36.0961,76.173000000000016,76.099799999999988,75.4063,75.491099999999975,80
2024,IN,IN-AR,Arunachal Pradesh,Seppa,10.069083333333333,4.517,10.88925,5.58775,11.789333333333333,6.652166666666667,64.013333333333321,60.756666666666653,61.580166666666656,62.553916666666652,96
2024,IN,IN-AR,Arunachal Pradesh,Tezu,0.57988888888888879,0.2048888888888889,50.13977777777778,6.9772222222222222,221.31177777777776,55.130333333333333,100.38688888888889,98.964666666666659,101.35377777777776,100.95311111111111,72
