GEOID,NAMELSAD,avg_d_mbps_wt,avg_u_mbps_wt,avg_lat_ms_wt,tests
11001,District of Columbia,141.44759258085105,20.236258957408907,29.8935624423965,6117.25
